﻿<?xml version="1.0" encoding="UTF-8" standalone="no"?>
<CMapTypes>
  <extensions />
  <archetypes>
    <Item type="CBaseArchetypeDef">
      <lodDist value="135.99952" />
      <flags value="32" />
      <specialAttribute value="0" />
      <bbMin x="-15.33447000" y="-39.35449000" z="-5.99462900" />
      <bbMax x="17.04004000" y="-9.20263700" z="2.23388700" />
      <bsCentre x="0.85278420" y="-24.27856000" z="-1.88037100" />
      <bsRadius value="22.49970000" />
      <hdTextureDist value="88.399688" />
      <name>1cover</name>
      <textureDictionary>1cover</textureDictionary>
      <clipDictionary />
      <drawableDictionary />
      <physicsDictionary>1cover</physicsDictionary>
      <assetType>ASSET_TYPE_DRAWABLE</assetType>
      <assetName>1cover</assetName>
      <extensions />
    </Item>
    <Item type="CBaseArchetypeDef">
      <lodDist value="202.96496" />
      <flags value="8192" />
      <specialAttribute value="0" />
      <bbMin x="-36.67187000" y="-39.35449000" z="-5.99462900" />
      <bbMax x="45.02099000" y="59.36816000" z="6.06298700" />
      <bsCentre x="4.17455700" y="10.00684000" z="0.03417870" />
      <bsRadius value="64.35310000" />
      <hdTextureDist value="131.927224" />
      <name>3covers</name>
      <textureDictionary>3covers</textureDictionary>
      <clipDictionary />
      <drawableDictionary />
      <physicsDictionary>3covers</physicsDictionary>
      <assetType>ASSET_TYPE_DRAWABLE</assetType>
      <assetName>3covers</assetName>
      <extensions />
    </Item>
    <Item type="CBaseArchetypeDef">
      <lodDist value="fasdfasdfasd" />
      <flags value="asdfasdfasdfa" />
      <specialAttribute value="0" />
      <bbMin x="asdf" y="sdf" z="fsdfas" />
      <bbMax x="asdf" y="asdfasdfa" z="dfasdf" />
      <bsCentre x="asdfa" y="fasdfasdf" z="sdfasdf" />
      <bsRadius value="dfasdf" />
      <hdTextureDist value="asdfasd" />
      <name>adsfasdf</name>
      <textureDictionary>adsfasdf</textureDictionary>
      <clipDictionary />
      <drawableDictionary />
      <physicsDictionary>adsfasdf</physicsDictionary>
      <assetType>ASSET_TYPE_DRAWABLE</assetType>
      <assetName>adsfasdf</assetName>
      <extensions />
    </Item>
  </archetypes>
  <name>props</name>
  <dependencies />
  <compositeEntityTypes />
  <CreatedBy>Skylumz YTYP Generator</CreatedBy>
</CMapTypes>